[
  {
    "BallStart"    : [   0, 912 ],
    "BallVelocity" : [ 150,   0 ],
    "Bumpers"      : [
      [  563,  913, 127.3 ],
      [  311,  237, -40   ],
      [ 1333,  425,  76.4 ]
    ],
    "PlayerStart"  : [ 960, 540 ],
    "Targets"      : [
      [  1,  378,  912 ],
      [  1,  415,  442 ],
      [  1,  915,  358 ]
    ]
  },
  {
    "BallStart"    : [   0, 912 ],
    "BallVelocity" : [ 150,   0 ],
    "Bumpers"      : [
      [  563,  913, 127.3 ],
      [  311,  237, -40   ],
      [ 1333,  425,  76.4 ],
      [  999,  621, 127.3 ],
      [ 1510,  841, 120   ]
    ],
    "PlayerStart"  : [ 960, 540 ],
    "Targets"      : [
      [ 1,  378, 912 ],
      [ 1,  415, 442 ],
      [ 1,  915, 358 ],
      [ 3, 1199, 764 ],
      [ 7, 1799, 886 ]
    ]
  }
]
